"branch","stage","stage_order","avg_days","n"
"Bogura","Approval",5,3.24,2330
"Bogura","Credit",2,4.31,2952
"Bogura","Disbursement",6,3.18,2161
"Bogura","Legal",4,9.54,2507
"Bogura","Risk",3,3.26,2714
"Bogura","Sales",1,2.11,3032
"Chattogram","Approval",5,3.12,3700
"Chattogram","Credit",2,4.28,4706
"Chattogram","Disbursement",6,3.15,3424
"Chattogram","Legal",4,8.51,3963
"Chattogram","Risk",3,3.27,4335
"Chattogram","Sales",1,2.14,4828
"Gulshan","Approval",5,3.19,3556
"Gulshan","Credit",2,4.34,4451
"Gulshan","Disbursement",6,3.2,3291
"Gulshan","Legal",4,7.42,3770
"Gulshan","Risk",3,3.2,4094
"Gulshan","Sales",1,2.1,4580
"Khulna","Approval",5,3.21,1879
"Khulna","Credit",2,4.23,2396
"Khulna","Disbursement",6,3.12,1725
"Khulna","Legal",4,8.18,2008
"Khulna","Risk",3,3.23,2195
"Khulna","Sales",1,2.04,2472
"Motijheel","Approval",5,3.3,4297
"Motijheel","Credit",2,4.3,5396
"Motijheel","Disbursement",6,3.23,4016
"Motijheel","Legal",4,7.49,4584
"Motijheel","Risk",3,3.25,4990
"Motijheel","Sales",1,2.12,5554
"Rajshahi","Approval",5,3.16,1912
"Rajshahi","Credit",2,4.39,2452
"Rajshahi","Disbursement",6,3.22,1773
"Rajshahi","Legal",4,14.02,2053
"Rajshahi","Risk",3,3.22,2252
"Rajshahi","Sales",1,2.12,2520
"Sylhet","Approval",5,3.25,1505
"Sylhet","Credit",2,4.41,1913
"Sylhet","Disbursement",6,3.15,1397
"Sylhet","Legal",4,9.28,1611
"Sylhet","Risk",3,3.21,1756
"Sylhet","Sales",1,2.18,1965
