"month","n","actual_bad_rate","predicted_pd","AUC","KS","score_psi","psi_turnover","psi_cib"
"2024-07",589,0.0831918505942275,0.0929571227413583,0.643783068783069,0.310846560846561,0.0109122619450449,0.0126475401208482,0.000507907550658559
"2024-08",547,0.122486288848263,0.0972381037000624,0.652611940298507,0.258799751243781,0.0190738581003363,0.0347189815359933,0.0055002441454367
"2024-09",565,0.100884955752212,0.0987686602741074,0.656945020030391,0.261845558778837,0.0272361586398538,0.0103400638073638,0.00160583654891329
"2024-10",540,0.0944444444444444,0.0942968542034805,0.657684750791932,0.258631059785878,0.0318119821925885,0.0170227634836157,0.0134987667906916
"2024-11",484,0.0743801652892562,0.0944845625295942,0.669890873015873,0.353670634920635,0.0081874675370265,0.0161842783027249,0.0195927567167745
"2024-12",587,0.0817717206132879,0.0948125711254136,0.633754638218924,0.241844465058751,0.00344041460644548,0.0275506702535525,0.010904633247445
"2025-01",523,0.130019120458891,0.118341793705169,0.702456367162249,0.376050420168067,0.104857426931001,0.181603636705521,0.0984963012134159
"2025-02",478,0.112970711297071,0.118797433866591,0.712067610062893,0.35945143256464,0.126865353874129,0.199580372380589,0.103318013731375
"2025-03",707,0.123055162659123,0.117170858314785,0.674833147942158,0.284408602150538,0.0959802059072107,0.20502070937171,0.0869616045543532
"2025-04",498,0.0963855421686747,0.107758707058099,0.673680555555556,0.291111111111111,0.0339102602091521,0.159103217473903,0.112486304718617
"2025-05",634,0.137223974763407,0.1123676798127,0.674441572632331,0.284855743974448,0.0786932982714131,0.213240105805065,0.073746914321742
"2025-06",117,0.102564102564103,0.121848242826311,0.702380952380952,0.435714285714286,0.143268690511102,0.266827032808165,0.19011370445308
