"month","applications","avg_tat_days","disbursed_pct"
"2023-01",804,22.69,71.8
"2023-02",710,23.01,72.8
"2023-03",787,24.44,68.4
"2023-04",1084,30.42,66.1
"2023-05",821,22.87,71.7
"2023-06",1132,24.74,71.9
"2023-07",766,22.77,74.8
"2023-08",837,23.19,70.5
"2023-09",717,22.34,69.9
"2023-10",789,23.36,73.6
"2023-11",719,22.54,68.4
"2023-12",717,23.24,72.4
"2024-01",778,23.41,71.6
"2024-02",757,22.94,71.6
"2024-03",893,28.94,70.1
"2024-04",949,27.14,70.1
"2024-05",873,23.65,71.8
"2024-06",1022,24.68,72.3
"2024-07",843,22.86,69.9
"2024-08",765,23.5,71.5
"2024-09",790,23.31,71.5
"2024-10",745,23.41,72.5
"2024-11",694,22.66,69.7
"2024-12",829,22.39,70.8
"2025-01",744,22.25,70.3
"2025-02",712,22.06,67.1
"2025-03",1109,30.87,63.8
"2025-04",742,22.36,67.1
"2025-05",932,22.44,68
"2025-06",263,15.41,44.5
