"variable","bin","count","count_distr","neg","pos","posprob","woe","bin_iv","total_iv","breaks","is_special_values","points"
"collateral_type","FDR_Deposit",604,0.080169896469339,574,30,0.0496688741721854,-0.699333083894246,0.0296239294196488,0.181318601429023,"FDR_Deposit",FALSE,53
"collateral_type","Property",3468,0.460313246615344,3231,237,0.0683391003460208,-0.360387893926202,0.0516861903953873,0.181318601429023,"Property",FALSE,27
"collateral_type","Machinery",1308,0.173612954605787,1185,123,0.0940366972477064,-0.0132147674336491,3.0156276376685e-05,0.181318601429023,"Machinery",FALSE,1
"collateral_type","Unsecured",2154,0.28590390230953,1827,327,0.151810584958217,0.531628545282412,0.0999783253376103,0.181318601429023,"Unsecured",FALSE,-41
"cib_status","Regular",5466,0.725511016724184,5021,445,0.0814123673618734,-0.1712111831053,0.0198432799655811,0.123122193459555,"Regular",FALSE,14
"cib_status","No_History",1125,0.149323068754977,1028,97,0.0862222222222222,-0.108560536748563,0.00168416022459915,0.123122193459555,"No_History",FALSE,9
"cib_status","Watchlist%,%Classified",943,0.125165914520839,768,175,0.185577942735949,0.773095171539007,0.101594753269375,0.123122193459555,"Watchlist%,%Classified",FALSE,-61
"debt_to_turnover","[-Inf,0.04)",702,0.0931775949031059,655,47,0.066951566951567,-0.382388703162028,0.0116752504056719,0.0693460686078005,"0.04",FALSE,21
"debt_to_turnover","[0.04,0.26)",4379,0.581231749402708,3967,412,0.0940854076273122,-0.012643140401639,9.24349685005986e-05,0.0693460686078005,"0.26",FALSE,1
"debt_to_turnover","[0.26,0.52)",1457,0.19338996548978,1348,109,0.0748112560054907,-0.262930478479944,0.0120208203571315,0.0693460686078005,"0.52",FALSE,14
"debt_to_turnover","[0.52,0.74)",433,0.0574727900185824,376,57,0.131639722863741,0.36556105520782,0.00889837054452654,0.0693460686078005,"0.74",FALSE,-20
"debt_to_turnover","[0.74, Inf)",563,0.0747279001858243,471,92,0.163410301953819,0.619029413795787,0.03665919233197,0.0693460686078005,"Inf",FALSE,-34
"turnover_m","[-Inf,10)",607,0.0805680913193523,515,92,0.151565074135091,0.529720607148469,0.0279512294964153,0.0530801788403433,"10",FALSE,-26
"turnover_m","[10,15)",780,0.103530661003451,693,87,0.111538461538462,0.176977050227845,0.00348313691074191,0.0530801788403433,"15",FALSE,-9
"turnover_m","[15,25)",1628,0.216087071940536,1469,159,0.0976658476658477,0.0286659568095191,0.000179639149127667,0.0530801788403433,"25",FALSE,-1
"turnover_m","[25,30)",661,0.0877355986195912,618,43,0.065052950075643,-0.413189411000964,0.012678141776347,0.0530801788403433,"30",FALSE,20
"turnover_m","[30,105)",3429,0.455136713565171,3122,307,0.089530475357247,-0.0672824227250153,0.00200500088731574,0.0530801788403433,"105",FALSE,3
"turnover_m","[105, Inf)",429,0.0569418635518981,400,29,0.0675990675990676,-0.372069786358343,0.00678303062039562,0.0530801788403433,"Inf",FALSE,18
"vintage_yrs","[-Inf,6)",1234,0.163790814972126,1072,162,0.13128038897893,0.362413924364802,0.0248933059154139,0.050074988944123,"6",FALSE,-26
"vintage_yrs","[6,9)",3182,0.422352004247412,2881,301,0.0945945945945946,-0.00668353957248791,1.88153589521632e-05,0.050074988944123,"9",FALSE,0
"vintage_yrs","[9,13)",2722,0.36129546057871,2487,235,0.0863335782512858,-0.107147998896081,0.00397183737513781,0.050074988944123,"13",FALSE,8
"vintage_yrs","[13, Inf)",396,0.0525617202017521,377,19,0.047979797979798,-0.735707277518405,0.0211910302946191,0.050074988944123,"Inf",FALSE,53
"loan_amount_m","[-Inf,3)",1762,0.233873108574462,1616,146,0.0828603859250851,-0.152003686609539,0.00508121000213647,0.0296192836907468,"3",FALSE,8
"loan_amount_m","[3,4.5)",1606,0.213166976373772,1434,172,0.107098381070984,0.131370386417052,0.00387962528614795,0.0296192836907468,"4.5",FALSE,-7
"loan_amount_m","[4.5,7.5)",2121,0.281523758959384,1921,200,0.0942951438000943,-0.010184865457355,2.9082713510813e-05,0.0296192836907468,"7.5",FALSE,1
"loan_amount_m","[7.5,8.5)",416,0.0552163525351739,385,31,0.0745192307692308,-0.267157199039473,0.00353736210941933,0.0296192836907468,"8.5",FALSE,15
"loan_amount_m","[8.5,10)",440,0.0584019113352801,385,55,0.125,0.306188781707852,0.00619482727734145,0.0296192836907468,"10",FALSE,-17
"loan_amount_m","[10,12.5)",482,0.0639766392354659,449,33,0.0684647302904564,-0.358416395512609,0.00711085415218389,0.0296192836907468,"12.5",FALSE,20
"loan_amount_m","[12.5, Inf)",707,0.0938412529864614,627,80,0.113154172560113,0.193179024804126,0.0037863221500069,0.0296192836907468,"Inf",FALSE,-11
"n_existing_loans","[-Inf,1)",2347,0.311521104327051,2164,183,0.077971878994461,-0.218128556361786,0.0135701187250151,0.0265162596081687,"1",FALSE,17
"n_existing_loans","[1,2)",2710,0.359702681178657,2443,267,0.0985239852398524,0.038365517905674,0.000537736981011641,0.0265162596081687,"2",FALSE,-3
"n_existing_loans","[2,3)",1612,0.213963366073799,1453,159,0.0986352357320099,0.0396174694131136,0.000341253416878451,0.0265162596081687,"3",FALSE,-3
"n_existing_loans","[3, Inf)",865,0.114812848420494,757,108,0.12485549132948,0.304866904449936,0.0120671504852635,0.0265162596081687,"Inf",FALSE,-24
