"app_id","branch","current_stage","days_in_stage"
"APP017500","Rajshahi","Legal",36
"APP021026","Rajshahi","Legal",27.1
"APP018861","Rajshahi","Legal",25.4
"APP018944","Rajshahi","Legal",24.6
"APP006323","Rajshahi","Legal",24.5
"APP003930","Sylhet","Legal",24
"APP013221","Rajshahi","Legal",23.5
"APP008039","Rajshahi","Legal",22.2
"APP013661","Rajshahi","Legal",22
"APP008792","Motijheel","Legal",20.6
"APP019042","Rajshahi","Legal",20.6
"APP001862","Rajshahi","Legal",20.3
"APP007408","Bogura","Legal",20.2
"APP003417","Rajshahi","Legal",19.5
"APP013066","Khulna","Legal",19.3
"APP010746","Rajshahi","Legal",19.2
"APP007324","Chattogram","Legal",19
"APP016714","Sylhet","Legal",18.9
"APP015421","Sylhet","Legal",17.8
"APP016858","Gulshan","Legal",17.6
"APP024955","Sylhet","Legal",17.4
"APP010254","Chattogram","Legal",17.3
"APP019897","Chattogram","Legal",17.2
"APP002427","Rajshahi","Legal",17.1
"APP021478","Chattogram","Legal",17.1
"APP004897","Bogura","Legal",16.9
"APP002745","Gulshan","Legal",16.5
"APP012298","Chattogram","Legal",16.5
"APP015207","Khulna","Legal",16.1
"APP011585","Rajshahi","Legal",15.9
"APP008021","Rajshahi","Legal",15.7
"APP023980","Rajshahi","Legal",15.7
"APP023144","Bogura","Legal",15.2
"APP012932","Gulshan","Legal",15
"APP020252","Rajshahi","Legal",15
"APP017777","Gulshan","Legal",14.6
"APP011359","Chattogram","Legal",14.5
"APP000714","Rajshahi","Legal",14.4
"APP010313","Rajshahi","Legal",14.4
"APP020851","Motijheel","Legal",14.2
"APP001225","Chattogram","Legal",14.1
"APP016565","Motijheel","Legal",14
"APP004393","Khulna","Legal",13.9
"APP018290","Khulna","Legal",13.9
"APP014592","Sylhet","Legal",13.7
"APP006208","Khulna","Legal",13.6
"APP002640","Rajshahi","Legal",13.4
"APP019009","Rajshahi","Legal",13.3
"APP009436","Bogura","Legal",13.2
"APP009263","Rajshahi","Legal",13.1
